{
  "baseline_lag_4": {
    "mae": 98.12328767123287,
    "rmse": 119.75202689393394,
    "mape": 26.605970665832096,
    "smape": 25.70328893864527
  },
  "baseline_lag_7": {
    "mae": 97.5513698630137,
    "rmse": 120.37619400110547,
    "mape": 26.097951719357454,
    "smape": 25.227838218213712
  },
  "baseline_roll_mean_7": {
    "mae": 76.89236790606654,
    "rmse": 95.42649581159054,
    "mape": 21.061535699516952,
    "smape": 19.838696954602465
  },
  "baseline_rules": {
    "mae": 105.36772640655576,
    "rmse": 139.50804184934162,
    "mape": 27.60998097321135,
    "smape": 25.020523871949717
  },
  "random_forest": {
    "mae": 75.62319634703196,
    "rmse": 94.55045383857588,
    "mape": 20.318868687472516,
    "smape": 19.33444413430305
  },
  "gradient_boosting": {
    "mae": 74.63478881304,
    "rmse": 91.74775014732127,
    "mape": 20.373517755279167,
    "smape": 19.179893437614957
  },
  "prophet": {
    "mae": 68.1169477354616,
    "rmse": 84.43820964763351,
    "mape": 18.64055919690581,
    "smape": 17.68693804227493
  },
  "prophet_params": {
    "seasonality_mode": "additive",
    "changepoint_prior_scale": 0.05,
    "seasonality_prior_scale": 5.0
  },
  "prophet_tuning": [
    {
      "params": {
        "seasonality_mode": "additive",
        "changepoint_prior_scale": 0.05,
        "seasonality_prior_scale": 5.0
      },
      "metrics": {
        "mae": 68.1169477354616,
        "rmse": 84.43820964763351,
        "mape": 18.64055919690581,
        "smape": 17.68693804227493
      }
    },
    {
      "params": {
        "seasonality_mode": "additive",
        "changepoint_prior_scale": 0.1,
        "seasonality_prior_scale": 10.0
      },
      "metrics": {
        "mae": 68.1434112216754,
        "rmse": 84.35521312672081,
        "mape": 18.65394285524257,
        "smape": 17.702570079089554
      }
    },
    {
      "params": {
        "seasonality_mode": "additive",
        "changepoint_prior_scale": 0.2,
        "seasonality_prior_scale": 10.0
      },
      "metrics": {
        "mae": 67.84618185296436,
        "rmse": 84.61863850428841,
        "mape": 18.920590864588828,
        "smape": 17.519242365411888
      }
    },
    {
      "params": {
        "seasonality_mode": "multiplicative",
        "changepoint_prior_scale": 0.05,
        "seasonality_prior_scale": 5.0
      },
      "metrics": {
        "mae": 68.41146120372805,
        "rmse": 84.93118652687664,
        "mape": 19.187599931800932,
        "smape": 17.639758164298513
      }
    },
    {
      "params": {
        "seasonality_mode": "multiplicative",
        "changepoint_prior_scale": 0.1,
        "seasonality_prior_scale": 10.0
      },
      "metrics": {
        "mae": 69.88090085169863,
        "rmse": 86.05928765130281,
        "mape": 19.705357174437886,
        "smape": 17.99976103230194
      }
    },
    {
      "params": {
        "seasonality_mode": "multiplicative",
        "changepoint_prior_scale": 0.2,
        "seasonality_prior_scale": 10.0
      },
      "metrics": {
        "mae": 69.02492116847746,
        "rmse": 85.99385294845517,
        "mape": 19.637502174137893,
        "smape": 17.68476214410001
      }
    },
    {
      "params": {
        "seasonality_mode": "multiplicative",
        "changepoint_prior_scale": 0.3,
        "seasonality_prior_scale": 15.0
      },
      "metrics": {
        "mae": 69.10820434851675,
        "rmse": 85.85737709577602,
        "mape": 19.621561704724265,
        "smape": 17.716596621888236
      }
    },
    {
      "params": {
        "seasonality_mode": "multiplicative",
        "changepoint_prior_scale": 0.5,
        "seasonality_prior_scale": 20.0
      },
      "metrics": {
        "mae": 69.6538148842305,
        "rmse": 86.46149396876699,
        "mape": 19.81754189581965,
        "smape": 17.847093030537454
      }
    }
  ]
}