{
  "baseline_lag_4": {
    "mae": 99.11977715877437,
    "mape": 26.48446225561513,
    "smape": 25.191800826639586
  },
  "baseline_lag_7": {
    "mae": 102.96378830083566,
    "mape": 28.328602471157353,
    "smape": 26.232792827873286
  },
  "baseline_roll_mean_7": {
    "mae": 79.35137286112216,
    "mape": 21.721856998831182,
    "smape": 20.321383137812955
  },
  "baseline_rules": {
    "mae": 110.98997819339435,
    "mape": 29.01450266329707,
    "smape": 26.134185449919567
  },
  "random_forest": {
    "mae": 71.72110492107706,
    "mape": 19.333710997117773,
    "smape": 18.199357589860572
  },
  "gradient_boosting": {
    "mae": 70.99955515354434,
    "mape": 19.145787019719837,
    "smape": 17.99590815342543
  },
  "prophet": {
    "mae": 68.18802823662513,
    "mape": 19.230592062198696,
    "smape": 17.13948986722876
  },
  "prophet_params": {
    "seasonality_mode": "multiplicative",
    "changepoint_prior_scale": 0.1,
    "seasonality_prior_scale": 10.0
  }
}