{
  "baseline_lag_4": {
    "mae": 98.12328767123287,
    "rmse": 119.75202689393394,
    "mape": 26.605970665832096,
    "smape": 25.70328893864527
  },
  "baseline_lag_7": {
    "mae": 97.5513698630137,
    "rmse": 120.37619400110547,
    "mape": 26.097951719357454,
    "smape": 25.227838218213712
  },
  "baseline_roll_mean_7": {
    "mae": 76.89236790606654,
    "rmse": 95.42649581159054,
    "mape": 21.061535699516952,
    "smape": 19.838696954602465
  },
  "baseline_rules": {
    "mae": 105.36772640655576,
    "rmse": 139.50804184934162,
    "mape": 27.60998097321135,
    "smape": 25.020523871949717
  },
  "random_forest": {
    "mae": 75.37408675799085,
    "rmse": 94.40690475596166,
    "mape": 20.239675299738675,
    "smape": 19.265198147332445
  },
  "gradient_boosting": {
    "mae": 74.63478881304,
    "rmse": 91.74775014732127,
    "mape": 20.373517755279163,
    "smape": 19.179893437614957
  },
  "prophet": {
    "mae": 68.06211090775493,
    "rmse": 84.48516238159988,
    "mape": 18.947242419277995,
    "smape": 17.600955404157865
  },
  "prophet_params": {
    "seasonality_mode": "additive",
    "changepoint_prior_scale": 0.2,
    "seasonality_prior_scale": 10.0
  },
  "prophet_tuning": [
    {
      "params": {
        "seasonality_mode": "additive",
        "changepoint_prior_scale": 0.05,
        "seasonality_prior_scale": 5.0
      },
      "metrics": {
        "mae": 68.68746389169873,
        "rmse": 84.91649619644629,
        "mape": 18.73463855122119,
        "smape": 17.86447707610384
      }
    },
    {
      "params": {
        "seasonality_mode": "additive",
        "changepoint_prior_scale": 0.1,
        "seasonality_prior_scale": 10.0
      },
      "metrics": {
        "mae": 68.55450654206467,
        "rmse": 85.13951678285687,
        "mape": 18.879569571129153,
        "smape": 17.771631643176146
      }
    },
    {
      "params": {
        "seasonality_mode": "additive",
        "changepoint_prior_scale": 0.2,
        "seasonality_prior_scale": 10.0
      },
      "metrics": {
        "mae": 68.06211090775493,
        "rmse": 84.48516238159988,
        "mape": 18.947242419277995,
        "smape": 17.600955404157865
      }
    },
    {
      "params": {
        "seasonality_mode": "multiplicative",
        "changepoint_prior_scale": 0.05,
        "seasonality_prior_scale": 5.0
      },
      "metrics": {
        "mae": 69.06968725072662,
        "rmse": 85.13438314170641,
        "mape": 19.161245582822566,
        "smape": 17.868692109962993
      }
    },
    {
      "params": {
        "seasonality_mode": "multiplicative",
        "changepoint_prior_scale": 0.1,
        "seasonality_prior_scale": 10.0
      },
      "metrics": {
        "mae": 69.04873314844092,
        "rmse": 85.40975653952076,
        "mape": 19.459463168362053,
        "smape": 17.764248462646965
      }
    },
    {
      "params": {
        "seasonality_mode": "multiplicative",
        "changepoint_prior_scale": 0.2,
        "seasonality_prior_scale": 10.0
      },
      "metrics": {
        "mae": 68.65774080533002,
        "rmse": 85.45246564064077,
        "mape": 19.3110219090425,
        "smape": 17.63103824062214
      }
    },
    {
      "params": {
        "seasonality_mode": "multiplicative",
        "changepoint_prior_scale": 0.3,
        "seasonality_prior_scale": 15.0
      },
      "metrics": {
        "mae": 70.16365542209489,
        "rmse": 87.41510285969994,
        "mape": 20.059863062028285,
        "smape": 17.913449204499543
      }
    },
    {
      "params": {
        "seasonality_mode": "multiplicative",
        "changepoint_prior_scale": 0.5,
        "seasonality_prior_scale": 20.0
      },
      "metrics": {
        "mae": 68.91634426116985,
        "rmse": 85.548179306281,
        "mape": 19.446712355436954,
        "smape": 17.708353792699317
      }
    }
  ]
}