{
  "baseline_lag_4": {
    "mae": 73.57276995305165,
    "mape": 23.366679451226112,
    "smape": 21.921721617733276
  },
  "baseline_lag_7": {
    "mae": 85.46478873239437,
    "mape": 27.40701730366894,
    "smape": 25.737409765484635
  },
  "baseline_roll_mean_7": {
    "mae": 60.44399731723676,
    "mape": 19.815763519327128,
    "smape": 18.00469628399309
  },
  "baseline_rules": {
    "mae": 89.15564598088531,
    "mape": 27.654007143804137,
    "smape": 26.438920971568248
  },
  "random_forest": {
    "mae": 59.02087636932708,
    "mape": 19.23959566068451,
    "smape": 17.68317474985162
  },
  "gradient_boosting": {
    "mae": 57.777973739547924,
    "mape": 18.89192637723563,
    "smape": 17.299253231154214
  }
}