{
  "baseline_lag_4": {
    "mae": 98.12328767123287,
    "rmse": 119.75202689393394,
    "mape": 26.605970665832096,
    "smape": 25.70328893864527
  },
  "baseline_lag_7": {
    "mae": 97.5513698630137,
    "rmse": 120.37619400110547,
    "mape": 26.097951719357454,
    "smape": 25.227838218213712
  },
  "baseline_roll_mean_7": {
    "mae": 76.89236790606654,
    "rmse": 95.42649581159054,
    "mape": 21.061535699516952,
    "smape": 19.838696954602465
  },
  "baseline_rules": {
    "mae": 105.36772640655576,
    "rmse": 139.50804184934162,
    "mape": 27.60998097321135,
    "smape": 25.020523871949717
  },
  "random_forest": {
    "mae": 75.37408675799085,
    "rmse": 94.40690475596166,
    "mape": 20.239675299738675,
    "smape": 19.265198147332445
  },
  "gradient_boosting": {
    "mae": 74.63478881304,
    "rmse": 91.74775014732127,
    "mape": 20.373517755279163,
    "smape": 19.179893437614957
  },
  "prophet": {
    "mae": 67.90891359487098,
    "rmse": 84.24902091462256,
    "mape": 18.805547657514996,
    "smape": 17.582335935281474
  },
  "prophet_params": {
    "seasonality_mode": "additive",
    "changepoint_prior_scale": 0.2,
    "seasonality_prior_scale": 10.0
  },
  "prophet_tuning": [
    {
      "params": {
        "seasonality_mode": "additive",
        "changepoint_prior_scale": 0.05,
        "seasonality_prior_scale": 5.0
      },
      "metrics": {
        "mae": 68.29093770306649,
        "rmse": 84.32225632495368,
        "mape": 18.747025651219378,
        "smape": 17.744667886942757
      }
    },
    {
      "params": {
        "seasonality_mode": "additive",
        "changepoint_prior_scale": 0.1,
        "seasonality_prior_scale": 10.0
      },
      "metrics": {
        "mae": 68.69752304258864,
        "rmse": 84.96064352408183,
        "mape": 18.671991473102622,
        "smape": 17.876279652383555
      }
    },
    {
      "params": {
        "seasonality_mode": "additive",
        "changepoint_prior_scale": 0.2,
        "seasonality_prior_scale": 10.0
      },
      "metrics": {
        "mae": 67.90891359487098,
        "rmse": 84.24902091462256,
        "mape": 18.805547657514996,
        "smape": 17.582335935281474
      }
    },
    {
      "params": {
        "seasonality_mode": "multiplicative",
        "changepoint_prior_scale": 0.05,
        "seasonality_prior_scale": 5.0
      },
      "metrics": {
        "mae": 68.56069288420699,
        "rmse": 85.01416396678106,
        "mape": 19.429287787911562,
        "smape": 17.68107235340441
      }
    },
    {
      "params": {
        "seasonality_mode": "multiplicative",
        "changepoint_prior_scale": 0.1,
        "seasonality_prior_scale": 10.0
      },
      "metrics": {
        "mae": 69.03981600366696,
        "rmse": 85.97885205691401,
        "mape": 19.617729755979347,
        "smape": 17.701334256974253
      }
    },
    {
      "params": {
        "seasonality_mode": "multiplicative",
        "changepoint_prior_scale": 0.2,
        "seasonality_prior_scale": 10.0
      },
      "metrics": {
        "mae": 69.67292232207423,
        "rmse": 85.71493762265594,
        "mape": 19.45556317632071,
        "smape": 18.017646686439292
      }
    },
    {
      "params": {
        "seasonality_mode": "multiplicative",
        "changepoint_prior_scale": 0.3,
        "seasonality_prior_scale": 15.0
      },
      "metrics": {
        "mae": 69.53320818040412,
        "rmse": 86.53199310526068,
        "mape": 19.91347395998407,
        "smape": 17.800446986624703
      }
    },
    {
      "params": {
        "seasonality_mode": "multiplicative",
        "changepoint_prior_scale": 0.5,
        "seasonality_prior_scale": 20.0
      },
      "metrics": {
        "mae": 68.29631061428378,
        "rmse": 85.3141773608539,
        "mape": 19.262835461098284,
        "smape": 17.559352891534694
      }
    }
  ]
}