{
  "baseline_lag_4": {
    "mae": 99.11977715877437,
    "rmse": 123.04622407474731,
    "mape": 26.48446225561513,
    "smape": 25.191800826639586
  },
  "baseline_lag_7": {
    "mae": 102.96378830083566,
    "rmse": 129.05182392764902,
    "mape": 28.328602471157353,
    "smape": 26.232792827873286
  },
  "baseline_roll_mean_7": {
    "mae": 79.35137286112216,
    "rmse": 99.4513572145798,
    "mape": 21.721856998831182,
    "smape": 20.321383137812955
  },
  "baseline_rules": {
    "mae": 110.98997819339435,
    "rmse": 143.41826567599193,
    "mape": 29.01450266329707,
    "smape": 26.134185449919567
  },
  "random_forest": {
    "mae": 71.72110492107706,
    "rmse": 91.45415881433854,
    "mape": 19.333710997117773,
    "smape": 18.199357589860572
  },
  "gradient_boosting": {
    "mae": 70.99955515354434,
    "rmse": 89.76574057680025,
    "mape": 19.145787019719837,
    "smape": 17.99590815342543
  },
  "prophet": {
    "mae": 64.5782430699789,
    "rmse": 83.91217900533641,
    "mape": 17.69990784982353,
    "smape": 16.300984174570097
  },
  "prophet_params": {
    "seasonality_mode": "additive",
    "changepoint_prior_scale": 0.2,
    "seasonality_prior_scale": 10.0
  },
  "prophet_tuning": [
    {
      "params": {
        "seasonality_mode": "additive",
        "changepoint_prior_scale": 0.05,
        "seasonality_prior_scale": 5.0
      },
      "metrics": {
        "mae": 65.22251995899863,
        "rmse": 84.43822669703763,
        "mape": 18.13850290526838,
        "smape": 16.4626684240482
      }
    },
    {
      "params": {
        "seasonality_mode": "additive",
        "changepoint_prior_scale": 0.1,
        "seasonality_prior_scale": 10.0
      },
      "metrics": {
        "mae": 65.43375982530053,
        "rmse": 84.81851427551321,
        "mape": 18.139537817246744,
        "smape": 16.495381663307743
      }
    },
    {
      "params": {
        "seasonality_mode": "additive",
        "changepoint_prior_scale": 0.2,
        "seasonality_prior_scale": 10.0
      },
      "metrics": {
        "mae": 64.5782430699789,
        "rmse": 83.91217900533641,
        "mape": 17.69990784982353,
        "smape": 16.300984174570097
      }
    },
    {
      "params": {
        "seasonality_mode": "multiplicative",
        "changepoint_prior_scale": 0.05,
        "seasonality_prior_scale": 5.0
      },
      "metrics": {
        "mae": 67.7861553799252,
        "rmse": 86.62319062969561,
        "mape": 19.076865659687602,
        "smape": 17.05632875776527
      }
    },
    {
      "params": {
        "seasonality_mode": "multiplicative",
        "changepoint_prior_scale": 0.1,
        "seasonality_prior_scale": 10.0
      },
      "metrics": {
        "mae": 68.18802823662513,
        "rmse": 87.10277502633139,
        "mape": 19.230592062198696,
        "smape": 17.13948986722876
      }
    },
    {
      "params": {
        "seasonality_mode": "multiplicative",
        "changepoint_prior_scale": 0.2,
        "seasonality_prior_scale": 10.0
      },
      "metrics": {
        "mae": 65.45193278760813,
        "rmse": 84.5760087247755,
        "mape": 18.0620705062106,
        "smape": 16.49842389476392
      }
    },
    {
      "params": {
        "seasonality_mode": "multiplicative",
        "changepoint_prior_scale": 0.3,
        "seasonality_prior_scale": 15.0
      },
      "metrics": {
        "mae": 66.66180302431475,
        "rmse": 85.10279772377885,
        "mape": 18.72631075181149,
        "smape": 16.863887267990957
      }
    },
    {
      "params": {
        "seasonality_mode": "multiplicative",
        "changepoint_prior_scale": 0.5,
        "seasonality_prior_scale": 20.0
      },
      "metrics": {
        "mae": 67.02717710997169,
        "rmse": 85.67053695890779,
        "mape": 18.788162346910326,
        "smape": 16.91171333544485
      }
    }
  ]
}